core	count
GTAAACA	1
ATAAACA	0.584915879
GTCAACA	0.510057359
GTAAATA	0.433962834
ATCAACA	0.363799694
GTACACA	0.265842154
GACAACA	0.255998267
CACAACA	0.227486945
CAAAACA	0.227061877
CTAAACA	0.21314569
ATAAATA	0.212576873
AACAACA	0.19985431
GTCAATA	0.19581672
ACAAACA	0.184215329
ATACACA	0.155430666
ATATACA	0.152487378
GAAAACA	0.149779764
AATAACA	0.149414024
CCAAACA	0.145793113
CATAACA	0.144030817
AAAAACA	0.132845584
ATCAATA	0.131589234
GCAAACA	0.130018718
TACAACA	0.108480771
AGCAACA	0.101784745
CAAAATA	0.097742556
GGCAACA	0.088431161
AATAATA	0.087146295
CAATACA	0.084186077
GACAATA	0.08417236
GATAACA	0.083554856
ACCAACA	0.082674548
CACAATA	0.080254953
AAATACA	0.07930953
AGAAACA	0.075984084
CATAATA	0.072218582
GAATACA	0.064622488
CATCACA	0.051500934
